2014:10:29,'2014-10-29 14-07-15.JPG',#00FF00,14.07
2014:09:26,'2014-09-26 10-14-58.JPG',#9966FF,10.14
2014:04:16,'2014-04-16 19-35-33.JPG',#00FF00,19.35
2014:12:25,'2014-12-25 12-32-20.JPG',#00FF00,12.32
2014:05:19,'2014-05-19 19-02-17_1400560595.JPG',#00FF00,19.02
2014:06:21,'2014-06-21 03-33-41.JPG',#00FF00,03.33
2014:05:17,'2014-05-17 21-31-17.JPG',#00FF00,21.31
2014:09:18,'2014-09-18 10-15-43.JPG',#9966FF,10.15
2014:09:30,'2014-09-30 18-15-27.JPG',#9966FF,18.15
2014:10:02,'2014-10-02 08-27-46.JPG',#9966FF,08.27
2014:09:17,'2014-09-17 12-38-57.JPG',#9966FF,12.38
2014:10:07,'2014-10-07 17-27-03.JPG',#9966FF,17.27
2014:02:15,'2014-02-15 10-33-21.JPG',#00FF00,10.33
2014:05:25,'2014-05-25 16-56-06.JPG',#00FF00,16.56
2014:02:14,'2014-02-14 12-58-38.JPG',#00FF00,12.58
2014:11:22,'2014-11-22 14-15-50.JPG',#00FF00,14.15
2014:09:30,'2014-09-30 17-47-03.JPG',#9966FF,17.47
2014:10:05,'2014-10-05 20-41-08.JPG',#9966FF,20.41
2014:02:14,'2014-02-14 14-11-46.JPG',#00FF00,14.11
2014:02:15,'2014-02-15 14-12-47.JPG',#00FF00,14.12
2014:11:22,'2014-11-22 17-42-56.JPG',#00FF00,17.42
2014:02:12,'2014-02-12 12-48-05.JPG',#00FF00,12.48
2014:10:07,'2014-10-07 11-24-55.JPG',#9966FF,11.24
2014:02:12,'2014-02-12 12-15-16.JPG',#00FF00,12.15
2014:12:02,'2014-12-02 14-13-55.JPG',#00FF00,14.13
2014:04:12,'2014-04-12 20-20-39.JPG',#00FF00,20.20
2014:02:14,'2014-02-14 13-52-19.JPG',#00FF00,13.52
2014:05:24,'2014-05-24 20-00-39.JPG',#00FF00,20.00
2014:10:07,'2014-10-07 17-30-34.JPG',#9966FF,17.30
2014:10:17,'2014-10-17 16-21-00.JPG',#00FF00,16.21
2014:08:13,'2014-08-13 19-08-54.JPG',#00FF00,19.08
2014:09:19,'2014-09-19 19-02-32.JPG',#9966FF,19.02
2014:11:16,'2014-11-16 22-49-17.JPG',#00FF00,22.49
2014:10:12,'2014-10-12 14-51-23.JPG',#00FF00,14.51
2014:05:08,'2014-05-08 20-31-45.JPG',#00FF00,20.31
2014:09:21,'2014-09-21 14-11-31.JPG',#9966FF,14.11
2014:09:30,'2014-09-30 18-51-32.JPG',#9966FF,18.51
2014:12:12,'2014-12-12 19-15-27.JPG',#00FF00,19.15
2014:02:15,'2014-02-15 14-32-34.JPG',#00FF00,14.32
2014:06:18,'2014-06-18 22-58-28.JPG',#00FF00,22.58
2014:09:30,'2014-09-30 17-50-46.JPG',#9966FF,17.50
2014:10:03,'2014-10-03 11-23-11.JPG',#9966FF,11.23
2014:08:22,'2014-08-22 19-41-21.JPG',#00FF00,19.41
2014:02:05,'2014-02-05 21-12-42.JPG',#00FF00,21.12
2014:02:13,'2014-02-13 14-08-36.JPG',#9966FF,14.08
2014:09:30,'2014-09-30 17-23-57.JPG',#9966FF,17.23
2014:09:22,'2014-09-22 16-34-49.JPG',#9966FF,16.34
2014:02:12,'2014-02-12 12-12-35.JPG',#00FF00,12.12
2014:05:28,'2014-05-28 10-10-53.JPG',#00FF00,10.10
2014:02:15,'2014-02-15 14-26-25.JPG',#00FF00,14.26
2014:02:15,'2014-02-15 15-55-50.JPG',#00FF00,15.55
2014:09:22,'2014-09-22 12-25-01.JPG',#9966FF,12.25
2014:02:14,'2014-02-14 14-19-22.JPG',#00FF00,14.19
2014:06:28,'2014-06-28 13-19-27.JPG',#00FF00,13.19
2014:09:18,'2014-09-18 17-40-44.JPG',#9966FF,17.40
2014:08:16,'2014-08-16 23-28-04.JPG',#00FF00,23.28
2014:10:07,'2014-10-07 18-54-21.JPG',#9966FF,18.54
2014:05:09,'2014-05-09 10-39-00.JPG',#00FF00,10.39
2014:09:30,'2014-09-30 18-52-26.JPG',#9966FF,18.52
2014:02:13,'2014-02-13 13-44-12.JPG',#9966FF,13.44
2014:02:14,'2014-02-14 14-45-30.JPG',#00FF00,14.45
2014:09:20,'2014-09-20 11-15-07.JPG',#9966FF,11.15
2014:02:15,'2014-02-15 10-34-07.JPG',#00FF00,10.34
2014:09:29,'2014-09-29 10-53-34.JPG',#9966FF,10.53
2014:10:07,'2014-10-07 13-50-04.JPG',#9966FF,13.50
2014:02:13,'2014-02-13 11-04-13.JPG',#00FF00,11.04
2014:03:28,'2014-03-28 21-59-38_1396302763.JPG',#00FF00,21.59
2014:09:18,'2014-09-18 10-15-40.JPG',#9966FF,10.15
2014:07:05,'2014-07-05 19-53-23.JPG',#00FF00,19.53
2014:02:13,'2014-02-13 12-03-48.JPG',#00FF00,12.03
2014:09:22,'2014-09-22 16-01-43.JPG',#9966FF,16.01
2014:02:15,'2014-02-15 13-34-44.JPG',#00FF00,13.34
2014:08:12,'2014-08-12 23-37-01.JPG',#00FF00,23.37
2014:02:15,'2014-02-15 10-33-49.JPG',#00FF00,10.33
2014:09:22,'2014-09-22 13-55-44.JPG',#9966FF,13.55
2014:06:28,'2014-06-28 16-20-11.JPG',#00FF00,16.20
2014:09:26,'2014-09-26 16-32-49.JPG',#9966FF,16.32
2014:02:13,'2014-02-13 13-21-53.JPG',#9966FF,13.21
2014:03:02,'2014-03-02 19-51-31.JPG',#00FF00,19.51
2014:06:18,'2014-06-18 19-59-40.JPG',#00FF00,19.59
2014:10:11,'2014-10-11 16-18-21.JPG',#00FF00,16.18
2014:05:24,'2014-05-24 20-03-43.JPG',#00FF00,20.03
2014:06:18,'2014-06-18 19-58-03.JPG',#00FF00,19.58
2014:02:14,'2014-02-14 14-11-28.JPG',#00FF00,14.11
2014:11:02,'2014-11-02 12-52-24.JPG',#00FF00,12.52
2014:04:29,'2014-04-29 11-07-10.JPG',#00FF00,11.07
2014:10:22,'2014-10-22 17-53-09.JPG',#00FF00,17.53
2014:02:13,'2014-02-13 13-48-56.JPG',#9966FF,13.48
2014:11:07,'2014-11-07 10-46-41.JPG',#00FF00,10.46
2014:02:13,'2014-02-13 13-27-53.JPG',#9966FF,13.27
2014:02:14,'2014-02-14 14-36-20.JPG',#00FF00,14.36
2014:10:07,'2014-10-07 17-42-05.JPG',#9966FF,17.42
2014:03:23,'2014-03-23 14-18-55.JPG',#00FF00,14.18
2014:11:22,'2014-11-22 16-15-20.JPG',#00FF00,16.15
2014:02:15,'2014-02-15 13-52-41.JPG',#00FF00,13.52
2014:02:15,'2014-02-15 13-46-37.JPG',#00FF00,13.46
2014:05:24,'2014-05-24 13-54-01.JPG',#00FF00,13.54
2014:02:13,'2014-02-13 14-05-07.JPG',#9966FF,14.05
2014:10:09,'2014-10-09 16-03-42.JPG',#00FF00,16.03
2014:06:01,'2014-06-01 20-21-12.JPG',#00FF00,20.21
2014:11:05,'2014-11-05 11-30-03.JPG',#00FF00,11.30
2014:05:16,'2014-05-16 21-53-51_1400256000.JPG',#00FF00,21.53
2014:09:17,'2014-09-17 15-32-15.JPG',#9966FF,15.32
2014:03:29,'2014-03-29 20-44-18.JPG',#00FF00,20.44
2014:08:19,'2014-08-19 20-37-23_1408966840.JPG',#00FF00,20.37
2014:10:07,'2014-10-07 14-10-06.JPG',#9966FF,14.10
2014:10:07,'2014-10-07 09-34-05.JPG',#9966FF,09.34
2014:09:21,'2014-09-21 14-29-07.JPG',#9966FF,14.29
2014:04:29,'2014-04-29 11-07-01.JPG',#00FF00,11.07
2014:12:24,'2014-12-24 14-52-25.JPG',#00FF00,14.52
2014:02:15,'2014-02-15 13-47-48.JPG',#00FF00,13.47
2014:02:13,'2014-02-13 13-25-21.JPG',#9966FF,13.25
2014:09:20,'2014-09-20 18-54-10.JPG',#9966FF,18.54
2014:06:28,'2014-06-28 13-11-02.JPG',#00FF00,13.11
2014:10:11,'2014-10-11 16-28-45.JPG',#00FF00,16.28
2014:09:30,'2014-09-30 19-13-53.JPG',#9966FF,19.13
2014:02:13,'2014-02-13 13-50-08.JPG',#9966FF,13.50
2014:03:23,'2014-03-23 14-44-48.JPG',#00FF00,14.44
2014:07:06,'2014-07-06 14-08-12.JPG',#00FF00,14.08
2014:04:17,'2014-04-17 22-41-41.JPG',#00FF00,22.41
2014:02:15,'2014-02-15 13-47-27.JPG',#00FF00,13.47
2014:03:16,'2014-03-16 14-31-04.JPG',#00FF00,14.31
2014:05:24,'2014-05-24 20-04-40.JPG',#00FF00,20.04
2014:09:26,'2014-09-26 07-55-08.JPG',#9966FF,07.55
2014:09:19,'2014-09-19 18-31-28.JPG',#9966FF,18.31
2014:08:22,'2014-08-22 21-24-16.JPG',#00FF00,21.24
2014:09:30,'2014-09-30 14-26-20.JPG',#9966FF,14.26
2014:09:18,'2014-09-18 17-22-27.JPG',#9966FF,17.22
2014:06:04,'2014-06-04 19-52-26.JPG',#00FF00,19.52
2014:02:14,'2014-02-14 16-43-16.JPG',#00FF00,16.43
2014:12:19,'2014-12-19 22-00-36.JPG',#00FF00,22.00
2014:09:22,'2014-09-22 08-10-51.JPG',#9966FF,08.10
2014:11:22,'2014-11-22 11-49-48.JPG',#00FF00,11.49
2014:02:15,'2014-02-15 10-34-10.JPG',#00FF00,10.34
2014:06:28,'2014-06-28 18-02-29.JPG',#00FF00,18.02
2014:11:14,'2014-11-14 21-04-42.JPG',#00FF00,21.04
2014:09:30,'2014-09-30 17-33-41.JPG',#9966FF,17.33
2014:12:15,'2014-12-15 19-58-13.JPG',#00FF00,19.58
2014:02:17,'2014-02-17 17-13-44.JPG',#9966FF,17.13
2014:02:17,'2014-02-17 15-53-01.JPG',#9966FF,15.53
2014:02:13,'2014-02-13 13-54-47.JPG',#9966FF,13.54
2014:10:09,'2014-10-09 23-51-00.JPG',#00FF00,23.51
2014:02:14,'2014-02-14 10-41-53.JPG',#00FF00,10.41
2014:04:09,'2014-04-09 16-13-36.JPG',#00FF00,16.13
2014:09:30,'2014-09-30 19-21-27.JPG',#9966FF,19.21
2014:09:22,'2014-09-22 13-52-30.JPG',#9966FF,13.52
2014:10:07,'2014-10-07 12-56-08.JPG',#9966FF,12.56
2014:02:13,'2014-02-13 13-31-17.JPG',#9966FF,13.31
2014:02:01,'2014-02-01 21-19-06.JPG',#00FF00,21.19
2014:07:15,'2014-07-15 00-34-04.JPG',#00FF00,00.34
2014:05:12,'2014-05-12 13-59-23.JPG',#00FF00,13.59
2014:11:06,'2014-11-06 14-03-12.JPG',#00FF00,14.03
2014:02:15,'2014-02-15 13-39-02.JPG',#00FF00,13.39
2014:02:12,'2014-02-12 16-46-03.JPG',#00FF00,16.46
2014:02:15,'2014-02-15 13-55-22.JPG',#00FF00,13.55
2014:09:26,'2014-09-26 14-55-47.JPG',#9966FF,14.55
2014:02:14,'2014-02-14 14-37-15.JPG',#00FF00,14.37
2014:02:13,'2014-02-13 13-21-57.JPG',#9966FF,13.21
2014:11:05,'2014-11-05 11-24-54.JPG',#00FF00,11.24
2014:10:07,'2014-10-07 17-41-06.JPG',#9966FF,17.41
2014:09:30,'2014-09-30 11-41-09.JPG',#9966FF,11.41
2014:06:24,'2014-06-24 16-11-31.JPG',#00FF00,16.11
2014:05:15,'2014-05-15 10-49-03.JPG',#00FF00,10.49
2014:06:28,'2014-06-28 14-29-00.JPG',#00FF00,14.29
2014:11:22,'2014-11-22 16-50-13.JPG',#00FF00,16.50
2014:05:14,'2014-05-14 22-57-48.JPG',#00FF00,22.57
2014:02:14,'2014-02-14 13-46-00.JPG',#00FF00,13.46
2014:08:16,'2014-08-16 20-39-27.JPG',#00FF00,20.39
2014:07:10,'2014-07-10 13-44-35.JPG',#00FF00,13.44
2014:04:12,'2014-04-12 19-30-34.JPG',#00FF00,19.30
2014:09:30,'2014-09-30 11-09-45.JPG',#9966FF,11.09
2014:09:22,'2014-09-22 12-21-52.JPG',#9966FF,12.21
2014:02:13,'2014-02-13 13-32-17.JPG',#9966FF,13.32
2014:08:16,'2014-08-16 20-05-50.JPG',#00FF00,20.05
2014:10:07,'2014-10-07 17-37-59.JPG',#9966FF,17.37
2014:05:24,'2014-05-24 20-00-57.JPG',#00FF00,20.00
2014:12:05,'2014-12-05 11-05-00.JPG',#00FF00,11.05
2014:05:19,'2014-05-19 14-27-51.JPG',#00FF00,14.27
2014:09:21,'2014-09-21 15-25-01.JPG',#9966FF,15.25
2014:02:15,'2014-02-15 13-28-34.JPG',#00FF00,13.28
2014:02:14,'2014-02-14 15-12-00.JPG',#00FF00,15.12
2014:02:15,'2014-02-15 13-18-38.JPG',#00FF00,13.18
2014:09:20,'2014-09-20 15-08-14.JPG',#9966FF,15.08
2014:12:25,'2014-12-25 12-40-06 (2).JPG',#00FF00,12.40
2014:06:05,'2014-06-05 16-39-49.JPG',#00FF00,16.39
2014:10:07,'2014-10-07 17-39-36.JPG',#9966FF,17.39
2014:07:26,'2014-07-26 17-12-45_1406702838.JPG',#00FF00,17.12
2014:06:28,'2014-06-28 18-01-32.JPG',#00FF00,18.01
2014:02:14,'2014-02-14 11-46-01.JPG',#00FF00,11.46
2014:10:08,'2014-10-08 10-56-18.JPG',#9966FF,10.56
2014:02:17,'2014-02-17 16-58-31.JPG',#9966FF,16.58
2014:10:07,'2014-10-07 11-15-45.JPG',#9966FF,11.15
2014:09:22,'2014-09-22 15-59-18.JPG',#9966FF,15.59
2014:02:13,'2014-02-13 13-53-38.JPG',#9966FF,13.53
2014:05:21,'2014-05-21 14-46-01_1400662837.JPG',#00FF00,14.46
2014:10:02,'2014-10-02 16-23-15.JPG',#9966FF,16.23
2014:02:17,'2014-02-17 16-56-25.JPG',#9966FF,16.56
2014:11:23,'2014-11-23 14-10-12.JPG',#00FF00,14.10
2014:04:12,'2014-04-12 19-30-33.JPG',#00FF00,19.30
2014:10:07,'2014-10-07 13-55-37.JPG',#9966FF,13.55
2014:06:28,'2014-06-28 17-47-16_1404227538.JPG',#00FF00,17.47
2014:06:21,'2014-06-21 18-40-29.JPG',#00FF00,18.40
2014:05:14,'2014-05-14 22-58-14.JPG',#00FF00,22.58
2014:10:07,'2014-10-07 17-33-45.JPG',#9966FF,17.33
2014:08:19,'2014-08-19 20-37-23.JPG',#00FF00,20.37
2014:02:14,'2014-02-14 14-32-38.JPG',#00FF00,14.32
2014:03:23,'2014-03-23 15-15-41_1395594467.JPG',#00FF00,15.15
2014:02:13,'2014-02-13 11-02-13.JPG',#00FF00,11.02
2014:02:15,'2014-02-15 10-58-29.JPG',#00FF00,10.58
2014:07:06,'2014-07-06 12-55-28.JPG',#00FF00,12.55
2014:02:15,'2014-02-15 09-44-10.JPG',#00FF00,09.44
2014:09:18,'2014-09-18 11-54-59.JPG',#9966FF,11.54
2014:09:30,'2014-09-30 18-42-25.JPG',#9966FF,18.42
2014:09:22,'2014-09-22 13-52-38.JPG',#9966FF,13.52
2014:06:21,'2014-06-21 03-25-20.JPG',#00FF00,03.25
2014:10:07,'2014-10-07 18-12-30.JPG',#9966FF,18.12
2014:05:09,'2014-05-09 09-49-35.JPG',#00FF00,09.49
2014:02:12,'2014-02-12 12-19-21.JPG',#00FF00,12.19
2014:10:07,'2014-10-07 13-29-03.JPG',#9966FF,13.29
2014:02:14,'2014-02-14 13-52-18.JPG',#00FF00,13.52
2014:11:07,'2014-11-07 15-43-28.JPG',#00FF00,15.43
2014:02:15,'2014-02-15 10-33-13.JPG',#00FF00,10.33
2014:06:21,'2014-06-21 18-40-44.JPG',#00FF00,18.40
2014:10:20,'2014-10-20 15-56-10.JPG',#00FF00,15.56
2014:07:05,'2014-07-05 19-35-05.JPG',#00FF00,19.35
2014:08:16,'2014-08-16 20-44-04.JPG',#00FF00,20.44
2014:10:08,'2014-10-08 11-01-31.JPG',#9966FF,11.01
2014:09:26,'2014-09-26 08-43-20.JPG',#9966FF,08.43
2014:09:29,'2014-09-29 13-12-25.JPG',#9966FF,13.12
2014:02:15,'2014-02-15 13-41-08.JPG',#00FF00,13.41
2014:06:28,'2014-06-28 18-47-14.JPG',#00FF00,18.47
2014:08:16,'2014-08-16 23-26-46.JPG',#00FF00,23.26
2014:02:13,'2014-02-13 11-06-32.JPG',#00FF00,11.06
2014:05:30,'2014-05-30 14-28-07.JPG',#00FF00,14.28
2014:10:07,'2014-10-07 14-10-18.JPG',#9966FF,14.10
2014:02:15,'2014-02-15 12-41-18.JPG',#00FF00,12.41
2014:02:14,'2014-02-14 11-29-04.JPG',#00FF00,11.29
2014:02:13,'2014-02-13 14-05-25.JPG',#9966FF,14.05
2014:10:07,'2014-10-07 17-43-07.JPG',#9966FF,17.43
2014:06:28,'2014-06-28 18-48-09.JPG',#00FF00,18.48
2014:11:19,'2014-11-19 17-23-10.JPG',#00FF00,17.23
2014:05:14,'2014-05-14 22-58-05.JPG',#00FF00,22.58
2014:11:23,'2014-11-23 18-02-13.JPG',#00FF00,18.02
2014:06:18,'2014-06-18 22-29-12.JPG',#00FF00,22.29
2014:02:14,'2014-02-14 10-43-07.JPG',#00FF00,10.43
2014:09:28,'2014-09-28 13-01-33.JPG',#9966FF,13.01
2014:09:18,'2014-09-18 09-52-28.JPG',#9966FF,09.52
2014:09:23,'2014-09-23 12-49-51.JPG',#9966FF,12.49
2014:02:04,'2014-02-04 20-10-01.JPG',#00FF00,20.10
2014:02:15,'2014-02-15 10-33-20.JPG',#00FF00,10.33
2014:11:12,'2014-11-12 18-43-01.JPG',#00FF00,18.43
2014:02:14,'2014-02-14 14-19-58.JPG',#00FF00,14.19
2014:05:30,'2014-05-30 14-27-38.JPG',#00FF00,14.27
2014:09:26,'2014-09-26 16-29-35.JPG',#9966FF,16.29
2014:02:15,'2014-02-15 15-52-25.JPG',#00FF00,15.52
2014:10:07,'2014-10-07 18-33-15.JPG',#9966FF,18.33
2014:02:14,'2014-02-14 14-13-13.JPG',#00FF00,14.13
2014:11:22,'2014-11-22 11-43-42.JPG',#00FF00,11.43
2014:04:15,'2014-04-15 19-43-45.JPG',#00FF00,19.43
2014:02:12,'2014-02-12 12-06-04.JPG',#00FF00,12.06
2014:09:22,'2014-09-22 15-57-49.JPG',#9966FF,15.57
2014:06:27,'2014-06-27 17-29-08.JPG',#00FF00,17.29
2014:02:12,'2014-02-12 12-30-52.JPG',#00FF00,12.30
2014:09:30,'2014-09-30 18-04-22.JPG',#9966FF,18.04
2014:12:14,'2014-12-14 19-37-02.JPG',#00FF00,19.37
2014:02:15,'2014-02-15 13-18-55.JPG',#00FF00,13.18
2014:09:14,'2014-09-14 20-49-36.JPG',#9966FF,20.49
2014:10:07,'2014-10-07 13-38-07.JPG',#9966FF,13.38
2014:10:30,'2014-10-30 12-09-49.JPG',#00FF00,12.09
2014:05:08,'2014-05-08 20-31-46.JPG',#00FF00,20.31
2014:09:21,'2014-09-21 15-25-03.JPG',#9966FF,15.25
2014:02:13,'2014-02-13 14-15-40.JPG',#9966FF,14.15
2014:02:13,'2014-02-13 13-32-29.JPG',#9966FF,13.32
2014:05:19,'2014-05-19 11-05-40.JPG',#00FF00,11.05
2014:11:27,'2014-11-27 13-57-54.JPG',#00FF00,13.57
2014:11:03,'2014-11-03 21-43-19.JPG',#00FF00,21.43
2014:11:05,'2014-11-05 11-27-15.JPG',#00FF00,11.27
2014:09:22,'2014-09-22 15-26-05.JPG',#9966FF,15.26
2014:02:17,'2014-02-17 20-55-04.JPG',#9966FF,20.55
2014:02:13,'2014-02-13 14-00-15.JPG',#9966FF,14.00
2014:09:26,'2014-09-26 08-23-15.JPG',#9966FF,08.23
2014:02:24,'2014-02-24 17-57-19.JPG',#00FF00,17.57
2014:02:14,'2014-02-14 13-52-10.JPG',#00FF00,13.52
2014:02:15,'2014-02-15 08-13-46.JPG',#00FF00,08.13
2014:02:11,'2014-02-11 20-18-02.JPG',#00FF00,20.18
2014:09:30,'2014-09-30 17-37-48.JPG',#9966FF,17.37
2014:08:04,'2014-08-04 21-36-40.JPG',#00FF00,21.36
2014:02:13,'2014-02-13 12-03-31.JPG',#00FF00,12.03
2014:04:01,'2014-04-01 14-24-06.JPG',#00FF00,14.24
2014:10:07,'2014-10-07 11-09-42.JPG',#9966FF,11.09
2014:03:01,'2014-03-01 12-19-04.JPG',#00FF00,12.19
2014:10:01,'2014-10-01 11-38-54.JPG',#9966FF,11.38
2014:08:03,'2014-08-03 20-32-25.JPG',#00FF00,20.32
2014:12:02,'2014-12-02 13-20-02.JPG',#00FF00,13.20
2014:10:07,'2014-10-07 12-53-33.JPG',#9966FF,12.53
2014:06:14,'2014-06-14 17-02-16.JPG',#00FF00,17.02
2014:09:29,'2014-09-29 18-04-30.JPG',#9966FF,18.04
2014:02:15,'2014-02-15 12-41-39.JPG',#00FF00,12.41
2014:02:15,'2014-02-15 10-34-09.JPG',#00FF00,10.34
2014:02:15,'2014-02-15 13-57-48.JPG',#00FF00,13.57
2014:09:29,'2014-09-29 14-56-20.JPG',#9966FF,14.56
2014:09:04,'2014-09-04 19-15-27.JPG',#00FF00,19.15
2014:06:27,'2014-06-27 14-42-42.JPG',#00FF00,14.42
2014:10:07,'2014-10-07 18-03-45.JPG',#9966FF,18.03
2014:10:01,'2014-10-01 12-02-29.JPG',#9966FF,12.02
2014:04:12,'2014-04-12 19-30-32.JPG',#00FF00,19.30
2014:08:16,'2014-08-16 23-28-11.JPG',#00FF00,23.28
2014:09:21,'2014-09-21 14-11-31_1413194049.JPG',#9966FF,14.11
2014:02:12,'2014-02-12 12-23-44.JPG',#00FF00,12.23
2014:02:14,'2014-02-14 14-46-29.JPG',#00FF00,14.46
2014:02:14,'2014-02-14 13-59-24.JPG',#00FF00,13.59
2014:05:22,'2014-05-22 13-31-10.JPG',#00FF00,13.31
2014:09:22,'2014-09-22 08-07-08.JPG',#9966FF,08.07
2014:02:16,'2014-02-16 10-35-50.JPG',#00FF00,10.35
2014:09:26,'2014-09-26 06-11-45.JPG',#9966FF,06.11
2014:02:14,'2014-02-14 10-40-06.JPG',#00FF00,10.40
2014:09:26,'2014-09-26 17-09-54.JPG',#9966FF,17.09
2014:03:07,'2014-03-07 17-08-20.JPG',#00FF00,17.08
2014:02:13,'2014-02-13 13-26-34.JPG',#9966FF,13.26
2014:09:26,'2014-09-26 08-31-16.JPG',#9966FF,08.31
2014:10:08,'2014-10-08 10-46-24.JPG',#9966FF,10.46
2014:09:26,'2014-09-26 14-54-06.JPG',#9966FF,14.54
2014:03:14,'2014-03-14 23-23-48.JPG',#00FF00,23.23
2014:02:12,'2014-02-12 12-44-07.JPG',#00FF00,12.44
2014:09:20,'2014-09-20 15-08-39.JPG',#9966FF,15.08
2014:12:09,'2014-12-09 12-53-07.JPG',#00FF00,12.53
2014:06:27,'2014-06-27 10-53-44.JPG',#00FF00,10.53
2014:09:22,'2014-09-22 13-47-35.JPG',#9966FF,13.47
2014:11:01,'2014-11-01 13-22-33.JPG',#00FF00,13.22
2014:05:05,'2014-05-05 19-46-58.JPG',#00FF00,19.46
2014:09:20,'2014-09-20 15-08-18.JPG',#9966FF,15.08
2014:08:16,'2014-08-16 23-29-26.JPG',#00FF00,23.29
2014:07:21,'2014-07-21 20-17-56.JPG',#00FF00,20.17
2014:09:22,'2014-09-22 12-18-09.JPG',#9966FF,12.18
2014:12:17,'2014-12-17 14-06-27.JPG',#00FF00,14.06
2014:10:09,'2014-10-09 16-07-06.JPG',#00FF00,16.07
2014:10:17,'2014-10-17 22-35-26.JPG',#00FF00,22.35
2014:11:22,'2014-11-22 11-36-28.JPG',#00FF00,11.36
2014:12:15,'2014-12-15 19-58-09.JPG',#00FF00,19.58
2014:11:29,'2014-11-29 15-37-32.JPG',#00FF00,15.37
2014:02:12,'2014-02-12 12-19-37.JPG',#00FF00,12.19
2014:11:17,'2014-11-17 17-39-10.JPG',#00FF00,17.39
2014:06:28,'2014-06-28 16-19-38.JPG',#00FF00,16.19
2014:02:15,'2014-02-15 10-58-32.JPG',#00FF00,10.58
2014:05:22,'2014-05-22 11-34-20.JPG',#00FF00,11.34
2014:02:12,'2014-02-12 12-42-22.JPG',#00FF00,12.42
2014:02:14,'2014-02-14 13-41-40.JPG',#00FF00,13.41
2014:09:22,'2014-09-22 12-14-55.JPG',#9966FF,12.14
2014:02:13,'2014-02-13 13-40-32.JPG',#9966FF,13.40
2014:02:14,'2014-02-14 10-42-51.JPG',#00FF00,10.42
2014:10:07,'2014-10-07 15-38-47.JPG',#9966FF,15.38
2014:11:28,'2014-11-28 20-01-42.JPG',#00FF00,20.01
2014:02:15,'2014-02-15 11-38-48.JPG',#00FF00,11.38
2014:02:15,'2014-02-15 13-45-10.JPG',#00FF00,13.45
2014:08:03,'2014-08-03 20-32-39.JPG',#00FF00,20.32
2014:09:17,'2014-09-17 11-06-40.JPG',#9966FF,11.06
2014:03:23,'2014-03-23 15-15-41.JPG',#00FF00,15.15
2014:11:07,'2014-11-07 09-24-49.JPG',#00FF00,09.24
2014:09:19,'2014-09-19 18-27-52.JPG',#9966FF,18.27
2014:02:15,'2014-02-15 13-24-36.JPG',#00FF00,13.24
2014:09:22,'2014-09-22 13-40-19.JPG',#9966FF,13.40
2014:02:15,'2014-02-15 10-40-04.JPG',#00FF00,10.40
2014:12:17,'2014-12-17 09-15-34.JPG',#00FF00,09.15
2014:10:23,'2014-10-23 16-31-55.JPG',#00FF00,16.31
2014:02:12,'2014-02-12 12-24-26.JPG',#00FF00,12.24
2014:07:04,'2014-07-04 21-25-12.JPG',#00FF00,21.25
2014:10:29,'2014-10-29 11-11-16.JPG',#00FF00,11.11
2014:09:19,'2014-09-19 17-43-04.JPG',#9966FF,17.43
2014:03:28,'2014-03-28 21-48-29.JPG',#00FF00,21.48
2014:02:05,'2014-02-05 17-15-29.JPG',#00FF00,17.15
2014:09:22,'2014-09-22 08-13-43.JPG',#9966FF,08.13
2014:09:19,'2014-09-19 18-41-41.JPG',#9966FF,18.41
2014:02:13,'2014-02-13 14-03-46.JPG',#9966FF,14.03
2014:10:09,'2014-10-09 23-44-18.JPG',#00FF00,23.44
2014:11:28,'2014-11-28 15-21-51.JPG',#00FF00,15.21
2014:02:06,'2014-02-06 19-24-00.JPG',#00FF00,19.24
2014:02:15,'2014-02-15 14-13-38.JPG',#00FF00,14.13
2014:05:17,'2014-05-17 21-52-49.JPG',#00FF00,21.52
2014:06:28,'2014-06-28 14-29-08.JPG',#00FF00,14.29
2014:10:08,'2014-10-08 12-39-31.JPG',#9966FF,12.39
2014:11:23,'2014-11-23 18-11-34.JPG',#00FF00,18.11
2014:10:08,'2014-10-08 12-41-50.JPG',#9966FF,12.41
2014:11:17,'2014-11-17 14-57-53.JPG',#00FF00,14.57
2014:02:11,'2014-02-11 21-21-26.JPG',#00FF00,21.21
2014:02:15,'2014-02-15 13-45-39.JPG',#00FF00,13.45
2014:10:07,'2014-10-07 12-23-02.JPG',#9966FF,12.23
2014:10:15,'2014-10-15 22-10-27.JPG',#00FF00,22.10
2014:08:16,'2014-08-16 20-43-57.JPG',#00FF00,20.43
2014:05:14,'2014-05-14 22-58-26.JPG',#00FF00,22.58
2014:10:08,'2014-10-08 12-47-06.JPG',#9966FF,12.47
2014:08:16,'2014-08-16 20-06-31.JPG',#00FF00,20.06
2014:08:16,'2014-08-16 20-02-13.JPG',#00FF00,20.02
2014:09:14,'2014-09-14 14-56-14.JPG',#9966FF,14.56
2014:09:26,'2014-09-26 16-00-18.JPG',#9966FF,16.00
2014:12:11,'2014-12-11 14-14-04.JPG',#00FF00,14.14
2014:02:13,'2014-02-13 11-00-37.JPG',#00FF00,11.00
2014:02:13,'2014-02-13 13-40-22.JPG',#9966FF,13.40
2014:02:13,'2014-02-13 13-22-18.JPG',#9966FF,13.22
2014:12:25,'2014-12-25 12-40-06.JPG',#00FF00,12.40
2014:02:12,'2014-02-12 12-44-06.JPG',#00FF00,12.44
2014:09:20,'2014-09-20 13-50-43.JPG',#9966FF,13.50
2014:10:29,'2014-10-29 11-11-23.JPG',#00FF00,11.11
2014:11:25,'2014-11-25 20-10-39 (2).JPG',#00FF00,20.10
2014:09:19,'2014-09-19 18-45-13.JPG',#9966FF,18.45
2014:12:24,'2014-12-24 19-28-24.JPG',#00FF00,19.28
2014:08:26,'2014-08-26 19-57-45.JPG',#00FF00,19.57
2014:06:21,'2014-06-21 03-24-29_1404623015.JPG',#00FF00,03.24
2014:03:01,'2014-03-01 12-15-11.JPG',#00FF00,12.15
2014:02:04,'2014-02-04 22-21-16.JPG',#00FF00,22.21
2014:02:14,'2014-02-14 11-44-05.JPG',#00FF00,11.44
2014:09:28,'2014-09-28 11-59-26.JPG',#9966FF,11.59
2014:09:18,'2014-09-18 09-50-25.JPG',#9966FF,09.50
2014:05:22,'2014-05-22 11-34-39.JPG',#00FF00,11.34
2014:02:13,'2014-02-13 10-55-39.JPG',#00FF00,10.55
2014:06:05,'2014-06-05 20-08-19.JPG',#00FF00,20.08
2014:02:12,'2014-02-12 12-30-43.JPG',#00FF00,12.30
2014:11:30,'2014-11-30 00-41-39.JPG',#00FF00,00.41
2014:12:11,'2014-12-11 18-37-58.JPG',#00FF00,18.37
2014:03:25,'2014-03-25 21-04-12.JPG',#00FF00,21.04
2014:02:15,'2014-02-15 10-34-11.JPG',#00FF00,10.34
2014:09:18,'2014-09-18 17-40-34.JPG',#9966FF,17.40
2014:10:08,'2014-10-08 10-33-55.JPG',#9966FF,10.33
2014:02:12,'2014-02-12 12-48-10.JPG',#00FF00,12.48
2014:12:17,'2014-12-17 21-35-16.JPG',#00FF00,21.35
2014:11:18,'2014-11-18 10-54-46.JPG',#00FF00,10.54
2014:02:14,'2014-02-14 10-41-30.JPG',#00FF00,10.41
2014:05:28,'2014-05-28 20-48-57.JPG',#00FF00,20.48
2014:07:10,'2014-07-10 13-44-35_1404981766.JPG',#00FF00,13.44
2014:02:13,'2014-02-13 11-02-34.JPG',#00FF00,11.02
2014:05:16,'2014-05-16 22-15-49_1400257264.JPG',#00FF00,22.15
2014:02:13,'2014-02-13 16-15-49.JPG',#9966FF,16.15
2014:10:07,'2014-10-07 18-54-21_1412744870.JPG',#9966FF,18.54
2014:10:17,'2014-10-17 15-20-28.JPG',#00FF00,15.20
2014:07:26,'2014-07-26 17-13-18.JPG',#00FF00,17.13
2014:03:27,'2014-03-27 23-29-03.JPG',#00FF00,23.29
2014:10:07,'2014-10-07 10-13-05_1412675039.JPG',#9966FF,10.13
2014:08:13,'2014-08-13 13-29-09.JPG',#00FF00,13.29
2014:05:17,'2014-05-17 21-52-23_1400389954.JPG',#00FF00,21.52
2014:11:25,'2014-11-25 20-07-36.JPG',#00FF00,20.07
2014:11:18,'2014-11-18 11-32-44.JPG',#00FF00,11.32
2014:09:18,'2014-09-18 17-38-22.JPG',#9966FF,17.38
2014:03:22,'2014-03-22 17-35-19.JPG',#00FF00,17.35
2014:11:14,'2014-11-14 21-30-44.JPG',#00FF00,21.30
2014:12:22,'2014-12-22 13-22-54.JPG',#00FF00,13.22
2014:05:19,'2014-05-19 14-14-01.JPG',#00FF00,14.14
2014:09:26,'2014-09-26 16-32-44.JPG',#9966FF,16.32
2014:11:22,'2014-11-22 16-56-25.JPG',#00FF00,16.56
2014:09:26,'2014-09-26 07-43-30.JPG',#9966FF,07.43
2014:05:17,'2014-05-17 22-56-54.JPG',#00FF00,22.56
2014:02:17,'2014-02-17 20-57-03.JPG',#9966FF,20.57
2014:10:07,'2014-10-07 17-39-54.JPG',#9966FF,17.39
2014:11:12,'2014-11-12 15-41-00.JPG',#00FF00,15.41
2014:02:15,'2014-02-15 14-06-25.JPG',#00FF00,14.06
2014:02:14,'2014-02-14 14-11-07.JPG',#00FF00,14.11
2014:10:07,'2014-10-07 13-16-26 (2).JPG',#9966FF,13.16
2014:10:01,'2014-10-01 11-57-05.JPG',#9966FF,11.57
2014:02:15,'2014-02-15 13-46-29.JPG',#00FF00,13.46
2014:10:20,'2014-10-20 11-37-30.JPG',#00FF00,11.37
2014:09:21,'2014-09-21 15-19-10.JPG',#9966FF,15.19
2014:02:03,'2014-02-03 19-50-52.JPG',#00FF00,19.50
2014:12:04,'2014-12-04 14-28-32.JPG',#00FF00,14.28
2014:10:17,'2014-10-17 16-20-58_1414142199.JPG',#00FF00,16.20
2014:09:22,'2014-09-22 11-48-33.JPG',#9966FF,11.48
2014:09:22,'2014-09-22 14-29-28.JPG',#9966FF,14.29
2014:05:17,'2014-05-17 22-59-09.JPG',#00FF00,22.59
2014:09:22,'2014-09-22 11-48-16.JPG',#9966FF,11.48
2014:02:14,'2014-02-14 14-19-28.JPG',#00FF00,14.19
2014:09:22,'2014-09-22 12-00-06.JPG',#9966FF,12.00
2014:09:30,'2014-09-30 11-58-17.JPG',#9966FF,11.58
2014:06:28,'2014-06-28 18-47-52.JPG',#00FF00,18.47
2014:02:28,'2014-02-28 17-43-46.JPG',#00FF00,17.43
2014:02:15,'2014-02-15 13-43-55.JPG',#00FF00,13.43
2014:06:28,'2014-06-28 17-47-00.JPG',#00FF00,17.47
2014:02:13,'2014-02-13 14-03-40.JPG',#9966FF,14.03
2014:12:02,'2014-12-02 14-13-51.JPG',#00FF00,14.13
2014:02:15,'2014-02-15 09-44-10_1395737617.JPG',#00FF00,09.44
2014:02:05,'2014-02-05 21-12-36.JPG',#00FF00,21.12
2014:02:14,'2014-02-14 14-33-06.JPG',#00FF00,14.33
2014:10:07,'2014-10-07 17-53-38.JPG',#9966FF,17.53
2014:11:08,'2014-11-08 00-01-36.JPG',#00FF00,00.01
2014:04:15,'2014-04-15 19-43-51_1397574384.JPG',#00FF00,19.43
2014:11:23,'2014-11-23 18-25-34.JPG',#00FF00,18.25
2014:04:01,'2014-04-01 14-24-06_1398421132.JPG',#00FF00,14.24
2014:02:06,'2014-02-06 19-23-28.JPG',#00FF00,19.23
2014:09:14,'2014-09-14 14-56-38.JPG',#9966FF,14.56
2014:09:22,'2014-09-22 16-40-22.JPG',#9966FF,16.40
2014:09:19,'2014-09-19 18-52-41.JPG',#9966FF,18.52
2014:12:14,'2014-12-14 19-31-36.JPG',#00FF00,19.31
2014:02:15,'2014-02-15 13-48-54.JPG',#00FF00,13.48
2014:02:16,'2014-02-16 11-01-20.JPG',#00FF00,11.01
2014:11:15,'2014-11-15 22-44-13.JPG',#00FF00,22.44
2014:02:14,'2014-02-14 13-46-11.JPG',#00FF00,13.46
2014:05:24,'2014-05-24 20-00-38.JPG',#00FF00,20.00
2014:08:16,'2014-08-16 23-27-49.JPG',#00FF00,23.27
2014:05:24,'2014-05-24 20-02-50.JPG',#00FF00,20.02
2014:02:13,'2014-02-13 16-12-21.JPG',#9966FF,16.12
2014:12:05,'2014-12-05 12-19-52.JPG',#00FF00,12.19
2014:10:11,'2014-10-11 16-45-53.JPG',#00FF00,16.45
2014:10:07,'2014-10-07 11-35-23.JPG',#9966FF,11.35
2014:02:13,'2014-02-13 11-06-55.JPG',#00FF00,11.06
2014:05:24,'2014-05-24 16-01-17.JPG',#00FF00,16.01
2014:03:14,'2014-03-14 16-53-08.JPG',#00FF00,16.53
2014:06:28,'2014-06-28 15-16-04.JPG',#00FF00,15.16
2014:09:29,'2014-09-29 20-06-40.JPG',#9966FF,20.06
2014:02:15,'2014-02-15 13-38-19.JPG',#00FF00,13.38
2014:02:17,'2014-02-17 20-57-05.JPG',#9966FF,20.57
2014:08:16,'2014-08-16 20-17-04.JPG',#00FF00,20.17
2014:02:15,'2014-02-15 09-44-44.JPG',#00FF00,09.44
2014:02:12,'2014-02-12 12-29-07.JPG',#00FF00,12.29
2014:10:20,'2014-10-20 12-24-42.JPG',#00FF00,12.24
2014:07:05,'2014-07-05 19-34-32.JPG',#00FF00,19.34
2014:10:02,'2014-10-02 10-44-08.JPG',#9966FF,10.44
2014:08:16,'2014-08-16 23-29-23.JPG',#00FF00,23.29
2014:02:14,'2014-02-14 13-56-38.JPG',#00FF00,13.56
2014:03:26,'2014-03-26 09-55-13.JPG',#00FF00,09.55
2014:03:07,'2014-03-07 17-09-07.JPG',#00FF00,17.09
2014:02:13,'2014-02-13 11-05-50.JPG',#00FF00,11.05
2014:05:06,'2014-05-06 16-32-31.JPG',#00FF00,16.32
2014:05:17,'2014-05-17 22-08-29.JPG',#00FF00,22.08
2014:06:02,'2014-06-02 17-26-27.JPG',#00FF00,17.26
2014:10:09,'2014-10-09 14-21-43_1413192300.JPG',#00FF00,14.21
2014:05:24,'2014-05-24 16-01-09.JPG',#00FF00,16.01
2014:02:14,'2014-02-14 14-43-56.JPG',#00FF00,14.43
2014:02:16,'2014-02-16 19-30-10.JPG',#00FF00,19.30
2014:09:20,'2014-09-20 11-15-07_1413194120.JPG',#9966FF,11.15
2014:05:17,'2014-05-17 21-31-17_1400390001.JPG',#00FF00,21.31
2014:09:02,'2014-09-02 11-41-44.JPG',#00FF00,11.41
2014:10:09,'2014-10-09 11-08-29.JPG',#00FF00,11.08
2014:02:24,'2014-02-24 18-00-47.JPG',#00FF00,18.00
2014:09:19,'2014-09-19 18-19-46.JPG',#9966FF,18.19
2014:09:22,'2014-09-22 15-57-24.JPG',#9966FF,15.57
2014:02:13,'2014-02-13 11-02-46.JPG',#00FF00,11.02
2014:11:18,'2014-11-18 10-31-44.JPG',#00FF00,10.31
2014:03:09,'2014-03-09 00-31-22.JPG',#00FF00,00.31
2014:02:17,'2014-02-17 16-52-56.JPG',#9966FF,16.52
2014:02:01,'2014-02-01 21-20-59.JPG',#00FF00,21.20
2014:10:17,'2014-10-17 16-20-58.JPG',#00FF00,16.20
2014:10:09,'2014-10-09 14-21-43.JPG',#00FF00,14.21
2014:05:21,'2014-05-21 19-40-02.JPG',#00FF00,19.40
2014:02:13,'2014-02-13 13-46-32.JPG',#9966FF,13.46
2014:09:19,'2014-09-19 19-05-06.JPG',#9966FF,19.05
2014:02:13,'2014-02-13 14-14-35.JPG',#9966FF,14.14
2014:11:30,'2014-11-30 00-41-59.JPG',#00FF00,00.41
2014:08:16,'2014-08-16 20-16-54.JPG',#00FF00,20.16
2014:02:13,'2014-02-13 13-37-04.JPG',#9966FF,13.37
2014:02:15,'2014-02-15 14-12-31.JPG',#00FF00,14.12
2014:11:30,'2014-11-30 00-41-40.JPG',#00FF00,00.41
2014:10:02,'2014-10-02 16-16-26.JPG',#9966FF,16.16
2014:10:07,'2014-10-07 10-13-05.JPG',#9966FF,10.13
2014:03:23,'2014-03-23 15-15-46.JPG',#00FF00,15.15
2014:03:23,'2014-03-23 14-50-18.JPG',#00FF00,14.50
2014:05:24,'2014-05-24 20-02-18.JPG',#00FF00,20.02
2014:08:16,'2014-08-16 20-17-04_1408966931.JPG',#00FF00,20.17
2014:02:14,'2014-02-14 10-47-39.JPG',#00FF00,10.47
2014:08:19,'2014-08-19 20-51-05.JPG',#00FF00,20.51
2014:10:07,'2014-10-07 12-49-45.JPG',#9966FF,12.49
2014:06:28,'2014-06-28 16-19-36.JPG',#00FF00,16.19
2014:09:29,'2014-09-29 15-22-35.JPG',#9966FF,15.22
2014:02:21,'2014-02-21 14-07-25.JPG',#00FF00,14.07
2014:12:14,'2014-12-14 18-21-33.JPG',#00FF00,18.21
2014:02:12,'2014-02-12 07-02-05.JPG',#9966FF,07.02
2014:05:17,'2014-05-17 21-52-23.JPG',#00FF00,21.52
2014:09:21,'2014-09-21 15-19-07.JPG',#9966FF,15.19
2014:10:06,'2014-10-06 17-30-34.JPG',#9966FF,17.30
2014:02:14,'2014-02-14 11-46-06.JPG',#00FF00,11.46
2014:02:14,'2014-02-14 14-03-49.JPG',#00FF00,14.03
2014:02:15,'2014-02-15 13-18-51.JPG',#00FF00,13.18
2014:02:13,'2014-02-13 13-18-45.JPG',#9966FF,13.18
2014:09:15,'2014-09-15 14-14-12.JPG',#9966FF,14.14
2014:02:15,'2014-02-15 15-52-10.JPG',#00FF00,15.52
2014:09:30,'2014-09-30 19-51-43.JPG',#9966FF,19.51
2014:09:19,'2014-09-19 18-31-31.JPG',#9966FF,18.31
2014:02:02,'2014-02-02 20-59-32.JPG',#00FF00,20.59
2014:03:27,'2014-03-27 11-22-16.JPG',#00FF00,11.22
2014:11:28,'2014-11-28 19-31-36.JPG',#00FF00,19.31
2014:05:21,'2014-05-21 14-46-01.JPG',#00FF00,14.46
2014:10:07,'2014-10-07 12-48-16.JPG',#9966FF,12.48
2014:02:13,'2014-02-13 11-02-04.JPG',#00FF00,11.02
2014:03:26,'2014-03-26 18-42-58.JPG',#00FF00,18.42
2014:10:02,'2014-10-02 16-16-26 (2).JPG',#9966FF,16.16
2014:08:16,'2014-08-16 20-03-50.JPG',#00FF00,20.03
2014:02:14,'2014-02-14 20-48-36.JPG',#00FF00,20.48
2014:10:07,'2014-10-07 13-10-33.JPG',#9966FF,13.10
2014:04:17,'2014-04-17 22-17-04.JPG',#00FF00,22.17
2014:05:30,'2014-05-30 14-28-17.JPG',#00FF00,14.28
2014:12:12,'2014-12-12 21-13-36.JPG',#00FF00,21.13
2014:09:30,'2014-09-30 11-41-09 (2).JPG',#9966FF,11.41
2014:02:12,'2014-02-12 16-47-12.JPG',#00FF00,16.47
2014:10:07,'2014-10-07 12-21-30.JPG',#9966FF,12.21
2014:08:03,'2014-08-03 20-32-27.JPG',#00FF00,20.32
2014:09:17,'2014-09-17 11-17-22.JPG',#9966FF,11.17
2014:09:26,'2014-09-26 16-00-24.JPG',#9966FF,16.00
2014:10:08,'2014-10-08 10-57-27.JPG',#9966FF,10.57
2014:03:23,'2014-03-23 14-58-24.JPG',#00FF00,14.58
2014:10:31,'2014-10-31 13-43-43.JPG',#00FF00,13.43
2014:03:01,'2014-03-01 12-15-20.JPG',#00FF00,12.15
2014:02:15,'2014-02-15 14-30-37.JPG',#00FF00,14.30
2014:02:14,'2014-02-14 15-12-08.JPG',#00FF00,15.12
2014:02:13,'2014-02-13 16-07-54.JPG',#9966FF,16.07
2014:10:07,'2014-10-07 17-49-01.JPG',#9966FF,17.49
2014:09:17,'2014-09-17 13-36-14.JPG',#9966FF,13.36
2014:11:03,'2014-11-03 17-41-52.JPG',#00FF00,17.41
2014:02:13,'2014-02-13 11-00-12.JPG',#00FF00,11.00
2014:10:07,'2014-10-07 12-36-07.JPG',#9966FF,12.36
2014:06:13,'2014-06-13 23-36-30.JPG',#00FF00,23.36
2014:10:07,'2014-10-07 12-25-20.JPG',#9966FF,12.25
2014:02:12,'2014-02-12 16-46-09.JPG',#00FF00,16.46
2014:05:17,'2014-05-17 23-02-20.JPG',#00FF00,23.02
2014:02:15,'2014-02-15 08-13-37.JPG',#00FF00,08.13
2014:08:16,'2014-08-16 23-27-46.JPG',#00FF00,23.27
2014:09:19,'2014-09-19 17-29-50.JPG',#9966FF,17.29
2014:08:29,'2014-08-29 21-07-51.JPG',#00FF00,21.07
2014:03:23,'2014-03-23 15-13-02.JPG',#00FF00,15.13
2014:10:07,'2014-10-07 10-30-23.JPG',#9966FF,10.30
2014:09:30,'2014-09-30 14-19-20.JPG',#9966FF,14.19
2014:02:13,'2014-02-13 08-07-57.JPG',#00FF00,08.07
2014:06:28,'2014-06-28 13-16-58.JPG',#00FF00,13.16
2014:02:15,'2014-02-15 14-13-31.JPG',#00FF00,14.13
2014:11:07,'2014-11-07 15-45-20.JPG',#00FF00,15.45
2014:05:12,'2014-05-12 13-59-20.JPG',#00FF00,13.59
2014:02:15,'2014-02-15 10-59-57.JPG',#00FF00,10.59
2014:08:16,'2014-08-16 20-06-32.JPG',#00FF00,20.06
2014:12:25,'2014-12-25 11-59-47.JPG',#00FF00,11.59
2014:09:30,'2014-09-30 12-01-16.JPG',#9966FF,12.01
2014:09:22,'2014-09-22 14-21-07.JPG',#9966FF,14.21
2014:04:06,'2014-04-06 15-05-42.JPG',#00FF00,15.05
2014:04:06,'2014-04-06 15-04-31.JPG',#00FF00,15.04
2014:04:20,'2014-04-20 15-17-35.JPG',#00FF00,15.17
2014:09:30,'2014-09-30 14-19-44.JPG',#9966FF,14.19
2014:09:16,'2014-09-16 11-36-47.JPG',#9966FF,11.36
2014:02:04,'2014-02-04 16-12-30.JPG',#00FF00,16.12
2014:10:08,'2014-10-08 10-37-20.JPG',#9966FF,10.37
2014:05:14,'2014-05-14 22-57-54.JPG',#00FF00,22.57
2014:02:13,'2014-02-13 11-01-02.JPG',#00FF00,11.01
2014:12:17,'2014-12-17 14-06-27 (2).JPG',#00FF00,14.06
2014:02:15,'2014-02-15 14-04-45.JPG',#00FF00,14.04
2014:08:16,'2014-08-16 23-29-22.JPG',#00FF00,23.29
2014:09:16,'2014-09-16 13-00-21.JPG',#9966FF,13.00
2014:09:30,'2014-09-30 18-12-36.JPG',#9966FF,18.12
2014:10:07,'2014-10-07 14-02-38.JPG',#9966FF,14.02
2014:05:30,'2014-05-30 14-27-52.JPG',#00FF00,14.27
2014:02:15,'2014-02-15 13-28-39.JPG',#00FF00,13.28
2014:10:07,'2014-10-07 10-30-23 (2).JPG',#9966FF,10.30
2014:09:18,'2014-09-18 12-51-56.JPG',#9966FF,12.51
2014:03:23,'2014-03-23 15-01-34.JPG',#00FF00,15.01
2014:03:01,'2014-03-01 01-04-24.JPG',#00FF00,01.04
2014:09:22,'2014-09-22 08-25-06.JPG',#9966FF,08.25
2014:09:30,'2014-09-30 11-22-32.JPG',#9966FF,11.22
2013:10:10,'2013-10-10 11-28-28.JPG',#00FF00,11.28
2014:06:20,'2014-06-20 11-09-21.JPG',#00FF00,11.09
2014:12:09,'2014-12-09 12-44-20.JPG',#00FF00,12.44
2014:08:16,'2014-08-16 23-27-24.JPG',#00FF00,23.27
2014:11:27,'2014-11-27 13-52-19.JPG',#00FF00,13.52
2014:06:28,'2014-06-28 17-47-16.JPG',#00FF00,17.47
2014:04:12,'2014-04-12 20-21-24.JPG',#00FF00,20.21
2014:06:05,'2014-06-05 11-36-29.JPG',#00FF00,11.36
2014:04:25,'2014-04-25 18-34-01.JPG',#00FF00,18.34
2014:10:07,'2014-10-07 13-18-59.JPG',#9966FF,13.18
2014:05:21,'2014-05-21 18-19-42.JPG',#00FF00,18.19
2014:11:30,'2014-11-30 23-44-31.JPG',#00FF00,23.44
2014:02:14,'2014-02-14 13-59-30.JPG',#00FF00,13.59
2014:09:26,'2014-09-26 09-31-40.JPG',#9966FF,09.31
2014:04:15,'2014-04-15 19-48-17.JPG',#00FF00,19.48
2014:09:22,'2014-09-22 14-08-20.JPG',#9966FF,14.08
2014:03:14,'2014-03-14 11-48-05.JPG',#00FF00,11.48
2014:09:18,'2014-09-18 10-15-50.JPG',#9966FF,10.15
2014:03:28,'2014-03-28 23-10-24.JPG',#00FF00,23.10
2014:07:04,'2014-07-04 21-25-12_1404531794.JPG',#00FF00,21.25
2014:03:14,'2014-03-14 17-49-31.JPG',#00FF00,17.49
2014:02:14,'2014-02-14 11-17-45.JPG',#00FF00,11.17
2014:02:12,'2014-02-12 17-34-27.JPG',#00FF00,17.34
2014:02:15,'2014-02-15 14-06-26.JPG',#00FF00,14.06
2014:09:19,'2014-09-19 18-28-51.JPG',#9966FF,18.28
2014:02:13,'2014-02-13 14-11-13.JPG',#9966FF,14.11
2014:09:16,'2014-09-16 12-59-01.JPG',#9966FF,12.59
2014:09:26,'2014-09-26 14-55-42.JPG',#9966FF,14.55
2014:02:16,'2014-02-16 14-40-22.JPG',#00FF00,14.40
2014:11:02,'2014-11-02 13-58-50.JPG',#00FF00,13.58
2014:05:31,'2014-05-31 15-06-54.JPG',#00FF00,15.06
2014:10:08,'2014-10-08 11-08-45.JPG',#9966FF,11.08
2014:03:22,'2014-03-22 17-29-13.JPG',#00FF00,17.29
2014:05:24,'2014-05-24 20-00-28.JPG',#00FF00,20.00
2014:09:26,'2014-09-26 07-59-55.JPG',#9966FF,07.59
2014:09:22,'2014-09-22 12-19-17.JPG',#9966FF,12.19
2014:02:13,'2014-02-13 13-25-14.JPG',#9966FF,13.25
2014:02:04,'2014-02-04 20-53-39.JPG',#00FF00,20.53
2014:09:18,'2014-09-18 17-40-57.JPG',#9966FF,17.40
2014:11:23,'2014-11-23 18-11-35.JPG',#00FF00,18.11
2014:02:14,'2014-02-14 13-41-58.JPG',#00FF00,13.41
2014:09:19,'2014-09-19 18-18-31.JPG',#9966FF,18.18
2014:02:15,'2014-02-15 10-40-18.JPG',#00FF00,10.40
2014:04:01,'2014-04-01 12-11-29.JPG',#00FF00,12.11
2014:02:04,'2014-02-04 20-11-22.JPG',#00FF00,20.11
2014:10:12,'2014-10-12 16-57-19.JPG',#00FF00,16.57
2014:11:13,'2014-11-13 20-38-17.JPG',#00FF00,20.38
2014:09:22,'2014-09-22 14-10-05.JPG',#9966FF,14.10
2014:10:07,'2014-10-07 11-18-45.JPG',#9966FF,11.18
2014:02:15,'2014-02-15 14-26-50.JPG',#00FF00,14.26
2014:11:22,'2014-11-22 11-47-15.JPG',#00FF00,11.47
2014:08:16,'2014-08-16 20-06-07.JPG',#00FF00,20.06
2014:02:14,'2014-02-14 13-55-25.JPG',#00FF00,13.55
2014:03:29,'2014-03-29 23-21-29.JPG',#00FF00,23.21
2014:02:15,'2014-02-15 14-27-40.JPG',#00FF00,14.27
2014:02:13,'2014-02-13 13-19-33.JPG',#9966FF,13.19
2014:10:08,'2014-10-08 11-36-22.JPG',#9966FF,11.36
2014:04:15,'2014-04-15 16-12-37.JPG',#00FF00,16.12
2014:06:29,'2014-06-29 19-30-14.JPG',#00FF00,19.30
2014:02:15,'2014-02-15 14-31-08.JPG',#00FF00,14.31
2014:05:12,'2014-05-12 11-44-01.JPG',#00FF00,11.44
2014:08:16,'2014-08-16 20-02-36.JPG',#00FF00,20.02
2014:12:17,'2014-12-17 14-02-46.JPG',#00FF00,14.02
2014:09:30,'2014-09-30 11-30-55.JPG',#9966FF,11.30
2014:09:16,'2014-09-16 11-37-18.JPG',#9966FF,11.37
2014:11:22,'2014-11-22 20-34-54.JPG',#00FF00,20.34
2014:02:14,'2014-02-14 14-15-30.JPG',#00FF00,14.15
2014:08:16,'2014-08-16 23-27-22.JPG',#00FF00,23.27
2014:10:07,'2014-10-07 12-54-19.JPG',#9966FF,12.54
2014:08:16,'2014-08-16 23-29-24.JPG',#00FF00,23.29
2014:05:17,'2014-05-17 22-07-16.JPG',#00FF00,22.07
2014:02:13,'2014-02-13 12-08-35.JPG',#00FF00,12.08
2014:02:12,'2014-02-12 00-54-45.JPG',#9966FF,00.54
2014:10:08,'2014-10-08 11-47-40.JPG',#9966FF,11.47
2014:03:28,'2014-03-28 22-58-43.JPG',#00FF00,22.58
2014:07:19,'2014-07-19 12-13-39.JPG',#00FF00,12.13
2014:10:08,'2014-10-08 10-48-02.JPG',#9966FF,10.48
2014:02:12,'2014-02-12 12-25-08.JPG',#00FF00,12.25
2014:03:16,'2014-03-16 14-30-17.JPG',#00FF00,14.30
2014:04:14,'2014-04-14 12-02-56_1397615686.JPG',#00FF00,12.02
2014:02:13,'2014-02-13 14-03-00.JPG',#9966FF,14.03
2014:11:27,'2014-11-27 14-28-20.JPG',#00FF00,14.28
2014:02:15,'2014-02-15 14-07-12.JPG',#00FF00,14.07
2014:02:14,'2014-02-14 13-55-20.JPG',#00FF00,13.55
2014:10:08,'2014-10-08 10-40-38.JPG',#9966FF,10.40
2014:03:23,'2014-03-23 14-45-15.JPG',#00FF00,14.45
2014:10:01,'2014-10-01 10-26-58 (2).JPG',#9966FF,10.26
2014:05:19,'2014-05-19 19-02-17.JPG',#00FF00,19.02
2014:02:15,'2014-02-15 13-22-41.JPG',#00FF00,13.22
2014:03:01,'2014-03-01 19-49-30.JPG',#00FF00,19.49
2014:09:15,'2014-09-15 19-51-33.JPG',#9966FF,19.51
2014:10:07,'2014-10-07 13-43-14.JPG',#9966FF,13.43
2014:03:01,'2014-03-01 19-49-46.JPG',#00FF00,19.49
2014:10:27,'2014-10-27 20-41-00.JPG',#00FF00,20.41
2014:03:27,'2014-03-27 09-41-41.JPG',#00FF00,09.41
2014:08:16,'2014-08-16 20-02-21.JPG',#00FF00,20.02
2014:09:22,'2014-09-22 11-53-31.JPG',#9966FF,11.53
2014:03:29,'2014-03-29 20-44-28.JPG',#00FF00,20.44
2014:09:20,'2014-09-20 12-28-31.JPG',#9966FF,12.28
2014:06:28,'2014-06-28 15-15-58.JPG',#00FF00,15.15
2014:10:30,'2014-10-30 12-04-47.JPG',#00FF00,12.04
2014:05:22,'2014-05-22 22-44-59.JPG',#00FF00,22.44
2014:11:18,'2014-11-18 10-59-11.JPG',#00FF00,10.59
2014:09:30,'2014-09-30 14-51-45.JPG',#9966FF,14.51
2014:08:16,'2014-08-16 20-17-04_1408967049.JPG',#00FF00,20.17
2014:02:15,'2014-02-15 13-51-51.JPG',#00FF00,13.51
2014:02:15,'2014-02-15 13-04-09.JPG',#00FF00,13.04
2014:04:17,'2014-04-17 19-59-00.JPG',#00FF00,19.59
2014:10:09,'2014-10-09 14-35-49.JPG',#00FF00,14.35
2014:05:09,'2014-05-09 22-19-23.JPG',#00FF00,22.19
2014:10:07,'2014-10-07 17-36-22.JPG',#9966FF,17.36
2014:10:07,'2014-10-07 12-57-05.JPG',#9966FF,12.57
2014:10:07,'2014-10-07 17-38-14.JPG',#9966FF,17.38
2014:02:13,'2014-02-13 16-07-29.JPG',#9966FF,16.07
2014:09:20,'2014-09-20 15-41-05.JPG',#9966FF,15.41
2014:02:15,'2014-02-15 16-21-03.JPG',#00FF00,16.21
2014:05:24,'2014-05-24 20-03-13.JPG',#00FF00,20.03
2014:02:13,'2014-02-13 13-17-11.JPG',#9966FF,13.17
2014:10:31,'2014-10-31 17-01-51.JPG',#00FF00,17.01
2014:10:07,'2014-10-07 14-22-14.JPG',#9966FF,14.22
2014:02:13,'2014-02-13 11-05-10.JPG',#00FF00,11.05
2014:11:17,'2014-11-17 17-30-30.JPG',#00FF00,17.30
2014:11:23,'2014-11-23 18-14-34.JPG',#00FF00,18.14
2014:08:16,'2014-08-16 23-28-09.JPG',#00FF00,23.28
2014:02:06,'2014-02-06 19-38-43.JPG',#00FF00,19.38
2014:07:26,'2014-07-26 16-20-07.JPG',#00FF00,16.20
2014:02:14,'2014-02-14 15-05-01.JPG',#00FF00,15.05
2014:09:29,'2014-09-29 14-50-51.JPG',#9966FF,14.50
2014:06:21,'2014-06-21 03-21-37.JPG',#00FF00,03.21
2014:10:12,'2014-10-12 17-33-37.JPG',#00FF00,17.33
2014:08:16,'2014-08-16 23-28-24.JPG',#00FF00,23.28
2014:02:14,'2014-02-14 10-47-33.JPG',#00FF00,10.47
2014:12:04,'2014-12-04 15-08-49.JPG',#00FF00,15.08
2014:05:06,'2014-05-06 16-32-31_1399383247.JPG',#00FF00,16.32
2014:02:15,'2014-02-15 13-24-47.JPG',#00FF00,13.24
2014:05:15,'2014-05-15 13-10-41.JPG',#00FF00,13.10
2014:09:22,'2014-09-22 10-58-41.JPG',#9966FF,10.58
2014:02:12,'2014-02-12 06-41-03.JPG',#9966FF,06.41
2014:07:29,'2014-07-29 12-59-33.JPG',#00FF00,12.59
2014:03:23,'2014-03-23 14-41-15.JPG',#00FF00,14.41
2014:02:14,'2014-02-14 14-20-47.JPG',#00FF00,14.20
2014:09:22,'2014-09-22 10-30-45.JPG',#9966FF,10.30
2014:09:20,'2014-09-20 18-54-10_1411233956.JPG',#9966FF,18.54
2014:03:01,'2014-03-01 01-04-32.JPG',#00FF00,01.04
2014:11:22,'2014-11-22 11-47-16.JPG',#00FF00,11.47
2014:09:22,'2014-09-22 10-58-44.JPG',#9966FF,10.58
2014:11:19,'2014-11-19 21-02-50.JPG',#00FF00,21.02
2014:04:18,'2014-04-18 11-54-08.JPG',#00FF00,11.54
2014:10:20,'2014-10-20 16-17-41.JPG',#00FF00,16.17
2014:11:23,'2014-11-23 11-10-14.JPG',#00FF00,11.10
2014:02:13,'2014-02-13 15-54-09.JPG',#9966FF,15.54
2014:09:18,'2014-09-18 17-56-31.JPG',#9966FF,17.56
2014:09:20,'2014-09-20 13-52-40.JPG',#9966FF,13.52
2014:02:14,'2014-02-14 10-39-18.JPG',#00FF00,10.39
2014:09:26,'2014-09-26 14-55-07.JPG',#9966FF,14.55
2014:11:07,'2014-11-07 15-55-46.JPG',#00FF00,15.55
2014:06:14,'2014-06-14 17-02-15.JPG',#00FF00,17.02
2014:12:11,'2014-12-11 13-40-41.JPG',#00FF00,13.40
2014:10:08,'2014-10-08 12-11-58.JPG',#9966FF,12.11
2014:08:04,'2014-08-04 21-36-36.JPG',#00FF00,21.36
2014:05:17,'2014-05-17 22-08-29_1400389861.JPG',#00FF00,22.08
2014:02:05,'2014-02-05 13-15-44.JPG',#00FF00,13.15
2014:10:07,'2014-10-07 12-38-33.JPG',#9966FF,12.38
2014:10:07,'2014-10-07 09-31-15.JPG',#9966FF,09.31
2014:04:24,'2014-04-24 17-49-52.JPG',#00FF00,17.49
2014:09:20,'2014-09-20 11-10-46.JPG',#9966FF,11.10
2014:02:13,'2014-02-13 13-23-38.JPG',#9966FF,13.23
2014:09:18,'2014-09-18 09-45-44.JPG',#9966FF,09.45
2014:10:07,'2014-10-07 12-40-35.JPG',#9966FF,12.40
2014:03:01,'2014-03-01 12-14-40.JPG',#00FF00,12.14
2014:09:19,'2014-09-19 18-21-15.JPG',#9966FF,18.21
2014:08:04,'2014-08-04 21-36-57.JPG',#00FF00,21.36
2014:12:22,'2014-12-22 19-32-07.JPG',#00FF00,19.32
2014:02:03,'2014-02-03 19-49-11.JPG',#00FF00,19.49
2014:03:01,'2014-03-01 01-04-28.JPG',#00FF00,01.04
2014:09:30,'2014-09-30 18-10-29.JPG',#9966FF,18.10
2014:02:14,'2014-02-14 11-53-20.JPG',#00FF00,11.53
2014:10:15,'2014-10-15 17-25-22.JPG',#00FF00,17.25
2014:10:08,'2014-10-08 10-44-36.JPG',#9966FF,10.44
2014:02:15,'2014-02-15 10-12-37.JPG',#00FF00,10.12
2014:09:10,'2014-09-10 20-25-12.JPG',#00FF00,20.25
2014:02:24,'2014-02-24 18-46-10.JPG',#00FF00,18.46
2014:08:16,'2014-08-16 20-41-50.JPG',#00FF00,20.41
2014:02:04,'2014-02-04 20-29-38.JPG',#00FF00,20.29
2014:02:17,'2014-02-17 21-40-25.JPG',#9966FF,21.40
2014:03:16,'2014-03-16 14-31-01.JPG',#00FF00,14.31
2014:02:02,'2014-02-02 20-59-26.JPG',#00FF00,20.59
2014:02:13,'2014-02-13 13-23-20.JPG',#9966FF,13.23
2014:02:13,'2014-02-13 13-33-10.JPG',#9966FF,13.33
2014:09:26,'2014-09-26 11-04-46.JPG',#9966FF,11.04
2014:05:19,'2014-05-19 14-27-45.JPG',#00FF00,14.27
2014:10:07,'2014-10-07 09-48-54.JPG',#9966FF,09.48
2014:02:05,'2014-02-05 17-12-08.JPG',#00FF00,17.12
2014:09:26,'2014-09-26 15-11-30.JPG',#9966FF,15.11
2014:11:23,'2014-11-23 12-21-39.JPG',#00FF00,12.21
2014:12:10,'2014-12-10 22-16-58.JPG',#00FF00,22.16
2014:08:04,'2014-08-04 21-36-27.JPG',#00FF00,21.36
2014:02:12,'2014-02-12 08-18-55.JPG',#9966FF,08.18
2014:02:14,'2014-02-14 14-22-24.JPG',#00FF00,14.22
2014:02:15,'2014-02-15 11-12-52.JPG',#00FF00,11.12
2014:11:03,'2014-11-03 17-47-02.JPG',#00FF00,17.47
2014:08:16,'2014-08-16 23-26-52.JPG',#00FF00,23.26
2014:08:16,'2014-08-16 20-39-21.JPG',#00FF00,20.39
2014:09:28,'2014-09-28 08-49-41.JPG',#9966FF,08.49
2014:06:04,'2014-06-04 16-46-49.JPG',#00FF00,16.46
2014:08:16,'2014-08-16 20-17-04_1408967110.JPG',#00FF00,20.17
2014:02:15,'2014-02-15 13-38-59.JPG',#00FF00,13.38
2014:02:12,'2014-02-12 12-13-40.JPG',#00FF00,12.13
2014:10:07,'2014-10-07 18-26-19.JPG',#9966FF,18.26
2014:02:14,'2014-02-14 15-07-05.JPG',#00FF00,15.07
2014:10:08,'2014-10-08 10-58-50.JPG',#9966FF,10.58
2014:06:21,'2014-06-21 03-21-45.JPG',#00FF00,03.21
2014:02:13,'2014-02-13 13-40-45.JPG',#9966FF,13.40
2014:02:14,'2014-02-14 11-50-27.JPG',#00FF00,11.50
2014:02:13,'2014-02-13 11-01-26.JPG',#00FF00,11.01
2014:02:13,'2014-02-13 14-06-16.JPG',#9966FF,14.06
2014:02:14,'2014-02-14 14-28-43.JPG',#00FF00,14.28
2014:12:11,'2014-12-11 18-25-31.JPG',#00FF00,18.25
2014:12:24,'2014-12-24 19-28-20.JPG',#00FF00,19.28
2014:03:01,'2014-03-01 19-49-47.JPG',#00FF00,19.49
2014:10:07,'2014-10-07 17-31-29.JPG',#9966FF,17.31
2014:02:11,'2014-02-11 21-16-35.JPG',#00FF00,21.16
2014:04:14,'2014-04-14 12-02-56.JPG',#00FF00,12.02
2014:10:10,'2014-10-10 07-18-30.JPG',#00FF00,07.18
2014:02:15,'2014-02-15 14-26-35.JPG',#00FF00,14.26
2014:08:22,'2014-08-22 19-43-00.JPG',#00FF00,19.43
2014:02:13,'2014-02-13 11-01-21.JPG',#00FF00,11.01
2014:08:16,'2014-08-16 20-02-24.JPG',#00FF00,20.02
2014:10:07,'2014-10-07 13-39-38.JPG',#9966FF,13.39
2014:10:07,'2014-10-07 13-21-01.JPG',#9966FF,13.21
2014:02:25,'2014-02-25 11-03-39.JPG',#00FF00,11.03
2014:11:02,'2014-11-02 13-58-55.JPG',#00FF00,13.58
2014:10:01,'2014-10-01 12-02-29_1412676226.JPG',#9966FF,12.02
2014:02:14,'2014-02-14 14-04-17.JPG',#00FF00,14.04
2014:09:26,'2014-09-26 08-37-53.JPG',#9966FF,08.37
2014:05:16,'2014-05-16 19-31-23.JPG',#00FF00,19.31
2014:09:29,'2014-09-29 07-17-38.JPG',#9966FF,07.17
2014:09:18,'2014-09-18 12-51-16.JPG',#9966FF,12.51
2014:09:26,'2014-09-26 16-37-10_1412714512.JPG',#9966FF,16.37
2014:02:13,'2014-02-13 13-38-52.JPG',#9966FF,13.38
2014:02:15,'2014-02-15 14-14-05.JPG',#00FF00,14.14
2014:03:23,'2014-03-23 14-47-53.JPG',#00FF00,14.47
2014:08:16,'2014-08-16 20-39-26_1408353898.JPG',#00FF00,20.39
2014:03:28,'2014-03-28 22-24-28.JPG',#00FF00,22.24
2014:02:15,'2014-02-15 14-04-14.JPG',#00FF00,14.04
2014:02:14,'2014-02-14 14-13-03.JPG',#00FF00,14.13
2014:02:13,'2014-02-13 13-37-12.JPG',#9966FF,13.37
2014:05:24,'2014-05-24 20-03-35.JPG',#00FF00,20.03
2014:02:24,'2014-02-24 18-40-26.JPG',#00FF00,18.40
2014:09:30,'2014-09-30 18-11-44.JPG',#9966FF,18.11
2014:02:12,'2014-02-12 06-32-39.JPG',#9966FF,06.32
2014:04:25,'2014-04-25 17-34-47.JPG',#00FF00,17.34
2014:05:24,'2014-05-24 20-03-47.JPG',#00FF00,20.03
2014:02:12,'2014-02-12 08-20-01.JPG',#9966FF,08.20
2014:02:15,'2014-02-15 13-36-09.JPG',#00FF00,13.36
2014:09:30,'2014-09-30 17-55-43.JPG',#9966FF,17.55
2014:02:14,'2014-02-14 14-03-32.JPG',#00FF00,14.03
2014:09:30,'2014-09-30 17-30-08.JPG',#9966FF,17.30
2014:11:30,'2014-11-30 13-01-33.JPG',#00FF00,13.01
2014:02:04,'2014-02-04 21-04-26.JPG',#00FF00,21.04
2014:02:13,'2014-02-13 14-01-16.JPG',#9966FF,14.01
2014:08:02,'2014-08-02 22-02-23.JPG',#00FF00,22.02
2014:08:16,'2014-08-16 23-29-25.JPG',#00FF00,23.29
2014:02:13,'2014-02-13 13-44-05.JPG',#9966FF,13.44
2014:11:25,'2014-11-25 20-10-39.JPG',#00FF00,20.10
2014:10:14,'2014-10-14 16-43-42.JPG',#00FF00,16.43
2014:02:14,'2014-02-14 13-38-38.JPG',#00FF00,13.38
2014:02:15,'2014-02-15 13-58-48.JPG',#00FF00,13.58
2014:02:15,'2014-02-15 10-34-13.JPG',#00FF00,10.34
2014:02:13,'2014-02-13 11-03-10.JPG',#00FF00,11.03
2014:03:29,'2014-03-29 20-43-52.JPG',#00FF00,20.43
2014:09:20,'2014-09-20 12-38-03.JPG',#9966FF,12.38
2014:05:31,'2014-05-31 17-57-18.JPG',#00FF00,17.57
2014:02:14,'2014-02-14 11-29-12.JPG',#00FF00,11.29
2014:09:26,'2014-09-26 14-55-22.JPG',#9966FF,14.55
2014:09:29,'2014-09-29 13-01-00.JPG',#9966FF,13.01
2014:02:15,'2014-02-15 13-19-14.JPG',#00FF00,13.19
2014:02:14,'2014-02-14 14-26-04.JPG',#00FF00,14.26
2014:12:25,'2014-12-25 12-32-02.JPG',#00FF00,12.32
2014:05:24,'2014-05-24 19-31-21.JPG',#00FF00,19.31
2014:12:08,'2014-12-08 13-37-03.JPG',#00FF00,13.37
2014:05:24,'2014-05-24 19-31-28.JPG',#00FF00,19.31
2014:02:15,'2014-02-15 10-40-01.JPG',#00FF00,10.40
2014:09:20,'2014-09-20 15-04-04.JPG',#9966FF,15.04
2014:02:13,'2014-02-13 13-22-17.JPG',#9966FF,13.22
2014:12:04,'2014-12-04 14-15-15.JPG',#00FF00,14.15
2014:09:30,'2014-09-30 12-10-37.JPG',#9966FF,12.10
2014:03:29,'2014-03-29 20-44-03.JPG',#00FF00,20.44
2014:09:26,'2014-09-26 16-33-07.JPG',#9966FF,16.33
2014:09:22,'2014-09-22 12-27-17.JPG',#9966FF,12.27
2014:10:09,'2014-10-09 16-02-43.JPG',#00FF00,16.02
2014:02:13,'2014-02-13 13-23-33.JPG',#9966FF,13.23
2014:02:13,'2014-02-13 15-54-18.JPG',#9966FF,15.54
2014:04:24,'2014-04-24 17-03-59.JPG',#00FF00,17.03
2014:09:29,'2014-09-29 14-56-43.JPG',#9966FF,14.56
2014:02:14,'2014-02-14 13-52-37.JPG',#00FF00,13.52
2014:06:28,'2014-06-28 18-48-46.JPG',#00FF00,18.48
2014:09:30,'2014-09-30 17-50-40.JPG',#9966FF,17.50
2014:11:22,'2014-11-22 16-13-16.JPG',#00FF00,16.13
2014:02:15,'2014-02-15 09-44-48.JPG',#00FF00,09.44
2014:11:23,'2014-11-23 11-13-36.JPG',#00FF00,11.13
2014:11:23,'2014-11-23 18-11-05.JPG',#00FF00,18.11
2014:10:08,'2014-10-08 11-25-10.JPG',#9966FF,11.25
2014:02:13,'2014-02-13 13-28-00.JPG',#9966FF,13.28
2014:06:28,'2014-06-28 18-02-22.JPG',#00FF00,18.02
2014:06:21,'2014-06-21 18-40-44_1404532453.JPG',#00FF00,18.40
2014:06:18,'2014-06-18 19-59-40_1403157652.JPG',#00FF00,19.59
2014:10:07,'2014-10-07 12-27-55.JPG',#9966FF,12.27
2014:11:22,'2014-11-22 18-44-07.JPG',#00FF00,18.44
2014:03:28,'2014-03-28 21-59-38.JPG',#00FF00,21.59
2014:05:09,'2014-05-09 10-32-35.JPG',#00FF00,10.32
2014:02:06,'2014-02-06 19-23-33.JPG',#00FF00,19.23
2014:11:23,'2014-11-23 18-13-48.JPG',#00FF00,18.13
2014:05:22,'2014-05-22 11-34-34.JPG',#00FF00,11.34
2014:02:15,'2014-02-15 13-18-38_1395640138.JPG',#00FF00,13.18
2014:02:14,'2014-02-14 14-36-37.JPG',#00FF00,14.36
2014:02:13,'2014-02-13 11-01-50.JPG',#00FF00,11.01
2014:06:03,'2014-06-03 14-47-37.JPG',#00FF00,14.47
2014:02:14,'2014-02-14 14-18-32.JPG',#00FF00,14.18
2014:07:26,'2014-07-26 17-12-45.JPG',#00FF00,17.12
2014:12:22,'2014-12-22 21-48-35.JPG',#00FF00,21.48
2014:02:15,'2014-02-15 10-32-52.JPG',#00FF00,10.32
2014:02:14,'2014-02-14 10-44-10.JPG',#00FF00,10.44
2014:09:19,'2014-09-19 18-45-21.JPG',#9966FF,18.45
2014:02:05,'2014-02-05 17-15-52.JPG',#00FF00,17.15
2014:02:14,'2014-02-14 12-16-22.JPG',#00FF00,12.16
2014:02:14,'2014-02-14 13-31-29.JPG',#00FF00,13.31
2014:06:29,'2014-06-29 19-30-14_1404227291.JPG',#00FF00,19.30
2014:03:29,'2014-03-29 20-44-17.JPG',#00FF00,20.44
2014:10:06,'2014-10-06 17-35-19.JPG',#9966FF,17.35
2014:02:15,'2014-02-15 10-59-50.JPG',#00FF00,10.59
2014:06:21,'2014-06-21 03-24-29.JPG',#00FF00,03.24
2014:03:14,'2014-03-14 11-49-25.JPG',#00FF00,11.49
2014:10:07,'2014-10-07 13-58-31.JPG',#9966FF,13.58
2014:09:30,'2014-09-30 18-32-17.JPG',#9966FF,18.32
2014:02:12,'2014-02-12 12-25-48.JPG',#00FF00,12.25
2014:07:17,'2014-07-17 22-13-11.JPG',#00FF00,22.13
2014:05:24,'2014-05-24 19-31-15.JPG',#00FF00,19.31
2014:05:21,'2014-05-21 18-19-46.JPG',#00FF00,18.19
2014:09:18,'2014-09-18 17-39-51.JPG',#9966FF,17.39
2014:02:13,'2014-02-13 12-08-46.JPG',#00FF00,12.08
2014:09:30,'2014-09-30 10-52-41.JPG',#9966FF,10.52
2014:12:24,'2014-12-24 18-57-51.JPG',#00FF00,18.57
2014:07:27,'2014-07-27 19-07-02_1406702456.JPG',#00FF00,19.07
2014:10:07,'2014-10-07 13-53-18.JPG',#9966FF,13.53
2014:10:08,'2014-10-08 11-17-13.JPG',#9966FF,11.17
2014:10:07,'2014-10-07 12-50-41.JPG',#9966FF,12.50
2014:04:15,'2014-04-15 19-43-51.JPG',#00FF00,19.43
2014:09:26,'2014-09-26 14-30-47.JPG',#9966FF,14.30
2014:02:12,'2014-02-12 14-57-55.JPG',#00FF00,14.57
2014:02:15,'2014-02-15 13-53-55.JPG',#00FF00,13.53
2014:12:25,'2014-12-25 11-59-44.JPG',#00FF00,11.59
2014:10:11,'2014-10-11 16-28-47.JPG',#00FF00,16.28
2014:10:06,'2014-10-06 19-02-04.JPG',#9966FF,19.02
2014:05:17,'2014-05-17 22-14-40.JPG',#00FF00,22.14
2014:06:05,'2014-06-05 20-08-17.JPG',#00FF00,20.08
2014:05:25,'2014-05-25 16-58-08.JPG',#00FF00,16.58
2014:02:14,'2014-02-14 20-48-47.JPG',#00FF00,20.48
2014:10:07,'2014-10-07 12-46-04.JPG',#9966FF,12.46
2014:05:19,'2014-05-19 14-26-57.JPG',#00FF00,14.26
2014:07:05,'2014-07-05 19-34-42.JPG',#00FF00,19.34
2014:04:17,'2014-04-17 19-34-16.JPG',#00FF00,19.34
2014:06:18,'2014-06-18 22-58-13.JPG',#00FF00,22.58
2014:02:26,'2014-02-26 17-40-31.JPG',#00FF00,17.40
2014:02:15,'2014-02-15 14-31-22.JPG',#00FF00,14.31
2014:09:19,'2014-09-19 19-03-39.JPG',#9966FF,19.03
2014:02:13,'2014-02-13 13-48-47.JPG',#9966FF,13.48
2014:10:07,'2014-10-07 13-16-26.JPG',#9966FF,13.16
2014:09:20,'2014-09-20 15-08-08.JPG',#9966FF,15.08
2014:02:11,'2014-02-11 21-25-23.JPG',#00FF00,21.25
2014:09:22,'2014-09-22 14-08-49.JPG',#9966FF,14.08
2014:08:09,'2014-08-09 20-01-43.JPG',#00FF00,20.01
2014:08:16,'2014-08-16 20-03-42.JPG',#00FF00,20.03
2014:02:13,'2014-02-13 16-06-40.JPG',#9966FF,16.06
2014:12:22,'2014-12-22 14-39-01.JPG',#00FF00,14.39
2014:11:07,'2014-11-07 20-51-40.JPG',#00FF00,20.51
2014:02:15,'2014-02-15 13-18-43.JPG',#00FF00,13.18
2014:03:23,'2014-03-23 15-18-15.JPG',#00FF00,15.18
2014:03:14,'2014-03-14 23-23-46.JPG',#00FF00,23.23
2014:02:15,'2014-02-15 10-08-36.JPG',#00FF00,10.08
2014:02:13,'2014-02-13 13-32-48.JPG',#9966FF,13.32
2014:04:12,'2014-04-12 20-21-30.JPG',#00FF00,20.21
2014:06:21,'2014-06-21 18-41-16.JPG',#00FF00,18.41
2014:02:15,'2014-02-15 13-44-14.JPG',#00FF00,13.44
2014:07:31,'2014-07-31 11-10-52.JPG',#00FF00,11.10
2014:02:14,'2014-02-14 20-48-16.JPG',#00FF00,20.48
2014:09:30,'2014-09-30 09-28-06.JPG',#9966FF,09.28
2014:10:07,'2014-10-07 14-01-53.JPG',#9966FF,14.01
2014:11:25,'2014-11-25 20-10-32.JPG',#00FF00,20.10
2014:06:28,'2014-06-28 14-02-32.JPG',#00FF00,14.02
2014:02:12,'2014-02-12 12-15-04.JPG',#00FF00,12.15
2014:02:14,'2014-02-14 11-48-17.JPG',#00FF00,11.48
2014:10:17,'2014-10-17 16-21-14.JPG',#00FF00,16.21
2014:10:07,'2014-10-07 13-25-55.JPG',#9966FF,13.25
2014:09:22,'2014-09-22 11-50-33.JPG',#9966FF,11.50
2014:07:05,'2014-07-05 19-34-20.JPG',#00FF00,19.34
2014:10:07,'2014-10-07 14-22-23.JPG',#9966FF,14.22
2014:10:19,'2014-10-19 14-17-57.JPG',#00FF00,14.17
2014:02:12,'2014-02-12 14-08-11.JPG',#00FF00,14.08
2014:02:12,'2014-02-12 16-46-27.JPG',#00FF00,16.46
2014:05:14,'2014-05-14 22-57-27.JPG',#00FF00,22.57
2014:08:16,'2014-08-16 20-39-26.JPG',#00FF00,20.39
2014:06:18,'2014-06-18 22-58-11.JPG',#00FF00,22.58
2014:02:15,'2014-02-15 09-31-46.JPG',#00FF00,09.31
2014:09:18,'2014-09-18 17-38-12.JPG',#9966FF,17.38
2014:10:07,'2014-10-07 15-03-52.JPG',#9966FF,15.03
2014:02:24,'2014-02-24 18-29-40.JPG',#00FF00,18.29
2014:07:27,'2014-07-27 19-07-02.JPG',#00FF00,19.07
2014:09:18,'2014-09-18 13-46-55.JPG',#9966FF,13.46
2014:10:28,'2014-10-28 14-27-27.JPG',#00FF00,14.27
2014:09:29,'2014-09-29 15-21-40.JPG',#9966FF,15.21
2014:09:18,'2014-09-18 18-01-17.JPG',#9966FF,18.01
2014:12:12,'2014-12-12 21-12-01.JPG',#00FF00,21.12
2014:09:21,'2014-09-21 14-12-08.JPG',#9966FF,14.12
2014:02:13,'2014-02-13 13-29-05.JPG',#9966FF,13.29
2014:03:16,'2014-03-16 14-08-38.JPG',#00FF00,14.08
2014:02:15,'2014-02-15 13-49-33.JPG',#00FF00,13.49
2014:02:15,'2014-02-15 11-12-45.JPG',#00FF00,11.12
2014:10:12,'2014-10-12 17-33-37_1413192181.JPG',#00FF00,17.33
2014:11:27,'2014-11-27 20-15-00.JPG',#00FF00,20.15
2014:10:01,'2014-10-01 10-26-58.JPG',#9966FF,10.26
2014:02:15,'2014-02-15 09-43-59.JPG',#00FF00,09.43
2014:04:11,'2014-04-11 11-33-25.JPG',#00FF00,11.33
2014:12:04,'2014-12-04 14-15-19.JPG',#00FF00,14.15
2014:05:17,'2014-05-17 22-55-01.JPG',#00FF00,22.55
2014:02:14,'2014-02-14 15-07-45.JPG',#00FF00,15.07
2014:02:13,'2014-02-13 11-09-27.JPG',#00FF00,11.09
2014:02:15,'2014-02-15 14-11-31.JPG',#00FF00,14.11
2014:03:08,'2014-03-08 19-56-51.JPG',#00FF00,19.56
2014:10:07,'2014-10-07 18-17-42.JPG',#9966FF,18.17
2014:02:15,'2014-02-15 13-44-11.JPG',#00FF00,13.44
2014:11:05,'2014-11-05 19-04-15.JPG',#00FF00,19.04
2014:10:20,'2014-10-20 17-10-48.JPG',#00FF00,17.10
2014:05:16,'2014-05-16 21-53-51.JPG',#00FF00,21.53
2014:08:15,'2014-08-15 18-46-16.JPG',#00FF00,18.46
2014:02:05,'2014-02-05 17-15-13.JPG',#00FF00,17.15
2014:09:26,'2014-09-26 16-37-10.JPG',#9966FF,16.37
2014:03:01,'2014-03-01 19-49-44.JPG',#00FF00,19.49
2014:09:30,'2014-09-30 19-20-54.JPG',#9966FF,19.20
2014:09:29,'2014-09-29 15-01-15.JPG',#9966FF,15.01
2014:03:04,'2014-03-04 23-34-12.JPG',#00FF00,23.34
2014:02:12,'2014-02-12 00-54-50.JPG',#9966FF,00.54
2014:02:14,'2014-02-14 14-40-05.JPG',#00FF00,14.40
2014:02:14,'2014-02-14 14-04-22.JPG',#00FF00,14.04
2014:02:13,'2014-02-13 16-00-41.JPG',#9966FF,16.00
2014:11:25,'2014-11-25 20-10-39 (3).JPG',#00FF00,20.10
2014:12:04,'2014-12-04 00-36-03.JPG',#00FF00,00.36
2014:09:29,'2014-09-29 09-49-26.JPG',#9966FF,09.49
2014:07:05,'2014-07-05 19-55-35.JPG',#00FF00,19.55
2014:10:11,'2014-10-11 16-47-55.JPG',#00FF00,16.47
2014:02:21,'2014-02-21 14-29-07.JPG',#00FF00,14.29
2014:02:14,'2014-02-14 14-37-59.JPG',#00FF00,14.37
2014:02:14,'2014-02-14 13-45-58.JPG',#00FF00,13.45
2014:02:13,'2014-02-13 11-07-04.JPG',#00FF00,11.07
2014:11:23,'2014-11-23 18-13-25.JPG',#00FF00,18.13
2014:02:17,'2014-02-17 16-56-21.JPG',#9966FF,16.56
2014:02:14,'2014-02-14 14-15-27.JPG',#00FF00,14.15
2014:03:23,'2014-03-23 14-39-28.JPG',#00FF00,14.39
2014:09:22,'2014-09-22 14-34-36.JPG',#9966FF,14.34
